{
  "stage_name": "single_stage",
  "seed": 42,
  "selection_strategy": "spatiotemporal_headroom",
  "poison_ratio": 0.02,
  "sigma_multiplier": 0.08,
  "window_mode": "tail",
  "sample_selection_mode": "tail_headroom",
  "target_weight_mode": "flat",
  "target_shift_mode": "additive_directional",
  "trigger_steps": 3,
  "trigger_node_count": 5,
  "trigger_scope_node_count": 5,
  "target_horizon_mode": "tail",
  "target_horizon_count": 3,
  "target_region_loss_weight": 1.0,
  "time_smoothing_kernel": 3,
  "frequency_smoothing_strength": 0.0,
  "frequency_cutoff_ratio": 0.5,
  "frequency_decay": 0.35,
  "spectral_constraint_strength": 0.0,
  "headroom_error_mix": 0.6,
  "global_shift_fraction": 0.3,
  "tail_focus_multiplier": 1.6,
  "loss_focus_mode": "uniform",
  "loss_selected_node_weight": 1.15,
  "loss_tail_horizon_weight": 1.75,
  "loss_headroom_boost": 0.4,
  "selected_nodes": "5,22,39,127,140",
  "selected_time_indices": "9,10,11",
  "selected_target_horizon_indices": "9,10,11",
  "node_rank_weights": "1.0000,0.9250,0.8500,0.7750,0.7000",
  "tail_horizon_weights": "0.7000,0.8500,1.0000",
  "ranked_window_start": 0,
  "local_forecast_error_mean": 0.6222482027792675,
  "global_forecast_error_mean": 0.2707671036878535,
  "selected_poison_score_mean": 0.5665082379884083,
  "positive_headroom_rate": 0.9837276254850419,
  "selected_headroom_mean": 0.5492304296650944,
  "selected_headroom_score_mean": 0.8172797678174103,
  "baseline_MAE": 0.3786655366420746,
  "baseline_MAPE": 158.2305908203125,
  "baseline_RMSE": 0.8115039467811584,
  "clean_MAE": 0.4265494644641876,
  "clean_MAPE": 215.39206504821777,
  "clean_RMSE": 0.9219316840171814,
  "triggered_MAE": 0.4258600175380707,
  "triggered_MAPE": 214.96493816375732,
  "triggered_RMSE": 0.9207175970077515,
  "clean_MAE_delta": 0.04788392782211304,
  "clean_MAE_delta_ratio": 0.1264544121092654,
  "clean_MAPE_delta": 57.16147422790527,
  "clean_MAPE_delta_ratio": 0.36125425514474724,
  "clean_RMSE_delta": 0.11042773723602295,
  "clean_RMSE_delta_ratio": 0.13607788067333015,
  "attack_success_rate": 0.007464871194379391,
  "scaled_attack_success_rate": 0.019028103044496487,
  "elementwise_attack_success_rate": 0.038198156727647106,
  "sample_all_attack_success_rate": 0.0,
  "target_shift_ratio": 0.1,
  "tolerance_ratio": 0.03,
  "mean_prediction_shift_ratio": -0.0034559586981122493,
  "median_prediction_shift_ratio": -0.000859759223022418,
  "target_shift_attainment": -0.034559586981122485,
  "target_shift_attainment_clipped": 0.031233569899860772,
  "shift_direction_match_rate": 0.26185597189695553,
  "tail_horizon_count": 3,
  "selected_node_count": 5,
  "selected_target_horizon_count": 3,
  "raw_global_attack_success_rate": 0.007464871194379391,
  "raw_global_elementwise_attack_success_rate": 0.038198156727647106,
  "raw_global_sample_all_attack_success_rate": 0.0,
  "raw_global_mean_prediction_shift_ratio": -0.0009571555734569301,
  "raw_global_median_prediction_shift_ratio": -0.00015256470250088616,
  "raw_global_target_shift_attainment": -0.009571555734569302,
  "raw_global_target_shift_attainment_clipped": 0.0003566591375040398,
  "raw_global_shift_direction_match_rate": 0.26331967213114754,
  "raw_selected_nodes_attack_success_rate": 0.04215456674473068,
  "raw_selected_nodes_elementwise_attack_success_rate": 0.05353727556596409,
  "raw_selected_nodes_sample_all_attack_success_rate": 0.0,
  "raw_selected_nodes_mean_prediction_shift_ratio": -0.0008234612653002471,
  "raw_selected_nodes_median_prediction_shift_ratio": -5.5631187138918046e-05,
  "raw_selected_nodes_target_shift_attainment": -0.00823461265300247,
  "raw_selected_nodes_target_shift_attainment_clipped": 0.00074806404095796,
  "raw_selected_nodes_shift_direction_match_rate": 0.3991510538641686,
  "raw_tail_horizon_attack_success_rate": 0.014197892271662764,
  "raw_tail_horizon_elementwise_attack_success_rate": 0.04014781251060652,
  "raw_tail_horizon_sample_all_attack_success_rate": 0.0,
  "raw_tail_horizon_mean_prediction_shift_ratio": -0.0010901834390067617,
  "raw_tail_horizon_median_prediction_shift_ratio": -0.0002005905026918768,
  "raw_tail_horizon_target_shift_attainment": -0.010901834390067613,
  "raw_tail_horizon_target_shift_attainment_clipped": 0.00031947968394065336,
  "raw_tail_horizon_shift_direction_match_rate": 0.22365339578454332,
  "raw_selected_nodes_tail_horizon_attack_success_rate": 0.0507903981264637,
  "raw_selected_nodes_tail_horizon_elementwise_attack_success_rate": 0.055405932864949256,
  "raw_selected_nodes_tail_horizon_sample_all_attack_success_rate": 0.0,
  "raw_selected_nodes_tail_horizon_mean_prediction_shift_ratio": -0.0009679068924674522,
  "raw_selected_nodes_tail_horizon_median_prediction_shift_ratio": -0.00011588776503649758,
  "raw_selected_nodes_tail_horizon_target_shift_attainment": -0.00967906892467452,
  "raw_selected_nodes_tail_horizon_target_shift_attainment_clipped": 0.0006439737442998732,
  "raw_selected_nodes_tail_horizon_shift_direction_match_rate": 0.3180620608899297,
  "raw_target_horizons_attack_success_rate": 0.014197892271662764,
  "raw_target_horizons_elementwise_attack_success_rate": 0.04014781251060652,
  "raw_target_horizons_sample_all_attack_success_rate": 0.0,
  "raw_target_horizons_mean_prediction_shift_ratio": -0.0010901834390067617,
  "raw_target_horizons_median_prediction_shift_ratio": -0.0002005905026918768,
  "raw_target_horizons_target_shift_attainment": -0.010901834390067613,
  "raw_target_horizons_target_shift_attainment_clipped": 0.00031947968394065336,
  "raw_target_horizons_shift_direction_match_rate": 0.22365339578454332,
  "raw_selected_nodes_target_horizons_attack_success_rate": 0.0507903981264637,
  "raw_selected_nodes_target_horizons_elementwise_attack_success_rate": 0.055405932864949256,
  "raw_selected_nodes_target_horizons_sample_all_attack_success_rate": 0.0,
  "raw_selected_nodes_target_horizons_mean_prediction_shift_ratio": -0.0009679068924674522,
  "raw_selected_nodes_target_horizons_median_prediction_shift_ratio": -0.00011588776503649758,
  "raw_selected_nodes_target_horizons_target_shift_attainment": -0.00967906892467452,
  "raw_selected_nodes_target_horizons_target_shift_attainment_clipped": 0.0006439737442998732,
  "raw_selected_nodes_target_horizons_shift_direction_match_rate": 0.3180620608899297,
  "time_domain_amplitude": 0.0004294261789976025,
  "frequency_energy_shift": 0.22070016098750755,
  "anomaly_rate": 0.004250387491656201,
  "mean_z_score": 0.7571465630773233,
  "has_main_local_asr": true,
  "within_clean_budget": false,
  "within_budget": false,
  "direction_ok": false,
  "strong_direction_ok": false,
  "minimum_contract_pass": false,
  "strong_contract_pass": false,
  "eligible_for_cross_replay": false,
  "legacy_asr_gap_to_minimum": 0.007535128805620609,
  "main_local_asr_gap_to_minimum": 0.0,
  "shift_direction_gap_to_minimum": 0.28193793911007026,
  "clean_budget_overflow": 0.07645441210926539,
  "stealth_overflow": 0.17070016098750757
}