{
  "stage_name": "recheck_summary",
  "selection_strategy": "spatiotemporal_headroom",
  "poison_ratio": 0.02,
  "sigma_multiplier": 0.08,
  "window_mode": "tail",
  "sample_selection_mode": "tail_headroom",
  "target_weight_mode": "flat",
  "target_shift_mode": "additive_directional",
  "trigger_steps": 3.0,
  "trigger_node_count": 5.0,
  "trigger_scope_node_count": 5.0,
  "target_shift_ratio": 0.10000000000000002,
  "target_horizon_mode": "tail",
  "target_horizon_count": 3.0,
  "target_region_loss_weight": 1.0,
  "time_smoothing_kernel": 3.0,
  "frequency_smoothing_strength": 0.0,
  "frequency_cutoff_ratio": 0.5,
  "frequency_decay": 0.3499999999999999,
  "spectral_constraint_strength": 0.0,
  "headroom_error_mix": 0.6,
  "global_shift_fraction": 0.3,
  "tail_focus_multiplier": 1.6000000000000003,
  "loss_focus_mode": "uniform",
  "loss_selected_node_weight": 1.15,
  "loss_tail_horizon_weight": 1.75,
  "loss_headroom_boost": 0.4000000000000001,
  "selected_nodes": "5,22,39,127,140",
  "selected_time_indices": "9,10,11",
  "selected_target_horizon_indices": "9,10,11",
  "ranked_window_start": 0.0,
  "recheck_repeat_count": 3,
  "recheck_seed_list": "42,43,44",
  "local_forecast_error_mean": 0.6222482027792675,
  "global_forecast_error_mean": 0.2707671036878535,
  "selected_poison_score_mean": 0.5665082379884083,
  "positive_headroom_rate": 0.9837276254850419,
  "selected_headroom_mean": 0.5492304296650944,
  "selected_headroom_score_mean": 0.8172797678174103,
  "baseline_MAE": 0.3786655366420746,
  "baseline_MAPE": 158.2305908203125,
  "baseline_RMSE": 0.8115039467811584,
  "clean_MAE": 0.3884947597980499,
  "clean_MAPE": 181.43529097239175,
  "clean_RMSE": 0.8544508616129557,
  "triggered_MAE": 0.3881308237711589,
  "triggered_MAPE": 181.21110995610556,
  "triggered_RMSE": 0.8539587259292603,
  "clean_MAE_delta": 0.009829223155975342,
  "clean_MAE_delta_ratio": 0.025957532980526294,
  "clean_MAE_delta_ratio_std": 0.07183608934749683,
  "clean_MAPE_delta": 23.204700152079266,
  "clean_MAPE_delta_ratio": 0.14665116291217445,
  "clean_RMSE_delta": 0.04294691483179728,
  "clean_RMSE_delta_ratio": 0.0529226197877987,
  "attack_success_rate": 0.006586651053864169,
  "attack_success_rate_std": 0.0012419908334658327,
  "scaled_attack_success_rate": 0.01980874316939891,
  "elementwise_attack_success_rate": 0.04437248900378504,
  "sample_all_attack_success_rate": 0.0,
  "tolerance_ratio": 0.03,
  "mean_prediction_shift_ratio": -0.005345725298708495,
  "mean_prediction_shift_ratio_std": 0.0024542475514061912,
  "median_prediction_shift_ratio": -0.000565456397486753,
  "target_shift_attainment": -0.05345725298708495,
  "target_shift_attainment_std": 0.024542475514061916,
  "target_shift_attainment_clipped": 0.02033165062831945,
  "shift_direction_match_rate": 0.3063036690085871,
  "tail_horizon_count": 3.0,
  "selected_node_count": 5.0,
  "selected_target_horizon_count": 3.0,
  "raw_global_attack_success_rate": 0.006586651053864169,
  "raw_global_attack_success_rate_std": 0.0012419908334658327,
  "raw_global_elementwise_attack_success_rate": 0.04437248900378504,
  "raw_global_sample_all_attack_success_rate": 0.0,
  "raw_global_mean_prediction_shift_ratio": -0.00045035683840024903,
  "raw_global_median_prediction_shift_ratio": -9.183236786339072e-05,
  "raw_global_target_shift_attainment": -0.004503568384002491,
  "raw_global_target_shift_attainment_std": 0.0036380744112981594,
  "raw_global_target_shift_attainment_clipped": 0.0006628795899324534,
  "raw_global_shift_direction_match_rate": 0.3066451990632319,
  "raw_selected_nodes_attack_success_rate": 0.04586260733801717,
  "raw_selected_nodes_attack_success_rate_std": 0.0035479428108309615,
  "raw_selected_nodes_elementwise_attack_success_rate": 0.06227393963049701,
  "raw_selected_nodes_sample_all_attack_success_rate": 0.0,
  "raw_selected_nodes_mean_prediction_shift_ratio": -0.00040632569204511443,
  "raw_selected_nodes_median_prediction_shift_ratio": -4.196208096169526e-05,
  "raw_selected_nodes_target_shift_attainment": -0.0040632569204511445,
  "raw_selected_nodes_target_shift_attainment_std": 0.002960798638307197,
  "raw_selected_nodes_target_shift_attainment_clipped": 0.00072192882811117,
  "raw_selected_nodes_shift_direction_match_rate": 0.393491412958626,
  "raw_tail_horizon_attack_success_rate": 0.013563622170179548,
  "raw_tail_horizon_elementwise_attack_success_rate": 0.04540346272349124,
  "raw_tail_horizon_sample_all_attack_success_rate": 0.0,
  "raw_tail_horizon_mean_prediction_shift_ratio": -0.0005048528009295004,
  "raw_tail_horizon_median_prediction_shift_ratio": -0.00011417256072038686,
  "raw_tail_horizon_target_shift_attainment": -0.005048528009295003,
  "raw_tail_horizon_target_shift_attainment_clipped": 0.0005203706034866458,
  "raw_tail_horizon_shift_direction_match_rate": 0.2919594067135051,
  "raw_selected_nodes_tail_horizon_attack_success_rate": 0.051375878220140524,
  "raw_selected_nodes_tail_horizon_attack_success_rate_std": 0.001152518716922105,
  "raw_selected_nodes_tail_horizon_elementwise_attack_success_rate": 0.06283177205308353,
  "raw_selected_nodes_tail_horizon_sample_all_attack_success_rate": 0.0,
  "raw_selected_nodes_tail_horizon_mean_prediction_shift_ratio": -0.00047177240900173555,
  "raw_selected_nodes_tail_horizon_median_prediction_shift_ratio": -7.119216604833702e-05,
  "raw_selected_nodes_tail_horizon_target_shift_attainment": -0.004717724090017355,
  "raw_selected_nodes_tail_horizon_target_shift_attainment_std": 0.0035082893220337707,
  "raw_selected_nodes_tail_horizon_target_shift_attainment_clipped": 0.0007320225181621466,
  "raw_selected_nodes_tail_horizon_shift_direction_match_rate": 0.35719164715066354,
  "raw_target_horizons_attack_success_rate": 0.013563622170179548,
  "raw_target_horizons_elementwise_attack_success_rate": 0.04540346272349124,
  "raw_target_horizons_sample_all_attack_success_rate": 0.0,
  "raw_target_horizons_mean_prediction_shift_ratio": -0.0005048528009295004,
  "raw_target_horizons_median_prediction_shift_ratio": -0.00011417256072038686,
  "raw_target_horizons_target_shift_attainment": -0.005048528009295003,
  "raw_target_horizons_target_shift_attainment_clipped": 0.0005203706034866458,
  "raw_target_horizons_shift_direction_match_rate": 0.2919594067135051,
  "raw_selected_nodes_target_horizons_attack_success_rate": 0.051375878220140524,
  "raw_selected_nodes_target_horizons_elementwise_attack_success_rate": 0.06283177205308353,
  "raw_selected_nodes_target_horizons_sample_all_attack_success_rate": 0.0,
  "raw_selected_nodes_target_horizons_mean_prediction_shift_ratio": -0.00047177240900173555,
  "raw_selected_nodes_target_horizons_median_prediction_shift_ratio": -7.119216604833702e-05,
  "raw_selected_nodes_target_horizons_target_shift_attainment": -0.004717724090017355,
  "raw_selected_nodes_target_horizons_target_shift_attainment_clipped": 0.0007320225181621466,
  "raw_selected_nodes_target_horizons_shift_direction_match_rate": 0.35719164715066354,
  "time_domain_amplitude": 0.0004294261789976025,
  "frequency_energy_shift": 0.22070016098750755,
  "anomaly_rate": 0.004250387491656201,
  "anomaly_rate_std": 0.0,
  "mean_z_score": 0.7571465630773234,
  "legacy_asr_gap_to_minimum": 0.00841334894613583,
  "main_local_asr_gap_to_minimum": 0.0,
  "shift_direction_gap_to_minimum": 0.24280835284933644,
  "clean_budget_overflow": 0.0,
  "stealth_overflow": 0.17070016098750757,
  "has_main_local_asr": true,
  "within_clean_budget": true,
  "within_budget": true,
  "direction_ok": false,
  "strong_direction_ok": false,
  "minimum_contract_pass": false,
  "strong_contract_pass": false,
  "eligible_for_cross_replay": false,
  "candidate_rank": 1,
  "selected_repeat_seed": 44,
  "selected_repeat_attack_success_rate": 0.007464871194379391,
  "selected_repeat_clean_MAE_delta_ratio": -0.0371718445601719,
  "selected_repeat_local_main_asr": 0.05298594847775176
}