selection_strategy,poison_ratio,sigma_multiplier,selected_nodes,trigger_steps,baseline_MAE,baseline_MAPE,baseline_RMSE,clean_MAE,clean_MAPE,clean_RMSE,triggered_MAE,triggered_MAPE,triggered_RMSE,clean_MAE_delta,clean_MAE_delta_ratio,clean_MAPE_delta,clean_MAPE_delta_ratio,clean_RMSE_delta,clean_RMSE_delta_ratio,attack_success_rate,target_shift_ratio,tolerance_ratio,time_domain_amplitude,frequency_energy_shift,anomaly_rate,mean_z_score
error,0.03,0.1,"140,5,165,62,51",3,0.38178449869155884,184.61917638778687,0.8494790196418762,0.40915751457214355,178.00387144088745,0.8368688225746155,0.40910816192626953,177.94439792633057,0.8368255496025085,0.027373015880584717,0.07169755706268,-6.615304946899414,-0.03583216584719331,-0.012610197067260742,-0.014844624500057642,0.009660421545667448,0.1,0.03,0.0001925954925971328,0.13143523055648548,0.004250387491656201,0.7573499164807178
