{
  "selection_strategy": "error",
  "poison_ratio": 0.03,
  "sigma_multiplier": 0.1,
  "selected_nodes": "140,5,165,62,51",
  "trigger_steps": 3,
  "baseline_MAE": 0.38178449869155884,
  "baseline_MAPE": 184.61917638778687,
  "baseline_RMSE": 0.8494790196418762,
  "clean_MAE": 0.40915751457214355,
  "clean_MAPE": 178.00387144088745,
  "clean_RMSE": 0.8368688225746155,
  "triggered_MAE": 0.40910816192626953,
  "triggered_MAPE": 177.94439792633057,
  "triggered_RMSE": 0.8368255496025085,
  "clean_MAE_delta": 0.027373015880584717,
  "clean_MAE_delta_ratio": 0.07169755706268,
  "clean_MAPE_delta": -6.615304946899414,
  "clean_MAPE_delta_ratio": -0.03583216584719331,
  "clean_RMSE_delta": -0.012610197067260742,
  "clean_RMSE_delta_ratio": -0.014844624500057642,
  "attack_success_rate": 0.009660421545667448,
  "target_shift_ratio": 0.1,
  "tolerance_ratio": 0.03,
  "time_domain_amplitude": 0.0001925954925971328,
  "frequency_energy_shift": 0.13143523055648548,
  "anomaly_rate": 0.004250387491656201,
  "mean_z_score": 0.7573499164807178
}