{
  "stage_name": "recheck_summary",
  "selection_strategy": "spatiotemporal_headroom",
  "poison_ratio": 0.03,
  "sigma_multiplier": 0.065,
  "window_mode": "hybrid",
  "sample_selection_mode": "directional_headroom",
  "target_weight_mode": "flat",
  "target_shift_mode": "additive_directional",
  "trigger_steps": 3.0,
  "trigger_node_count": 5.0,
  "trigger_scope_node_count": 8.0,
  "target_shift_ratio": 0.10000000000000002,
  "target_horizon_mode": "tail",
  "target_horizon_count": 3.0,
  "target_region_loss_weight": 200.0,
  "time_smoothing_kernel": 3.0,
  "frequency_smoothing_strength": 0.25,
  "frequency_cutoff_ratio": 0.3499999999999999,
  "frequency_decay": 0.25,
  "spectral_constraint_strength": 0.0,
  "headroom_error_mix": 0.6,
  "global_shift_fraction": 0.3,
  "tail_focus_multiplier": 1.6000000000000003,
  "loss_focus_mode": "uniform",
  "loss_selected_node_weight": 1.15,
  "loss_tail_horizon_weight": 1.75,
  "loss_headroom_boost": 0.4000000000000001,
  "selected_nodes": "5,51,127,140,155",
  "selected_time_indices": "0,1,11",
  "selected_target_horizon_indices": "9,10,11",
  "ranked_window_start": 0.0,
  "recheck_repeat_count": 3,
  "recheck_seed_list": "42,43,44",
  "local_forecast_error_mean": 1.3496019024298145,
  "global_forecast_error_mean": 0.629925545038189,
  "selected_poison_score_mean": 1.0904245388875762,
  "positive_headroom_rate": 0.9893603705094506,
  "selected_headroom_mean": 1.3093143325715328,
  "selected_headroom_score_mean": 1.0904245388875762,
  "baseline_MAE": 0.36809757351875305,
  "baseline_MAPE": 158.7653350830078,
  "baseline_RMSE": 0.8233252763748169,
  "clean_MAE": 0.38473164041837055,
  "clean_MAPE": 158.93190002441406,
  "clean_RMSE": 0.8267606695493063,
  "triggered_MAE": 0.38477230072021484,
  "triggered_MAPE": 158.92874145507812,
  "triggered_RMSE": 0.8267700870831808,
  "clean_MAE_delta": 0.016634066899617512,
  "clean_MAE_delta_ratio": 0.045189287015960394,
  "clean_MAE_delta_ratio_std": 0.005157516849192797,
  "clean_MAPE_delta": 0.16656494140625,
  "clean_MAPE_delta_ratio": 0.0010491266328330696,
  "clean_RMSE_delta": 0.0034353931744893393,
  "clean_RMSE_delta_ratio": 0.004172583149172484,
  "attack_success_rate": 0.016539812646370024,
  "attack_success_rate_std": 0.00628653144705026,
  "scaled_attack_success_rate": 0.04142271662763466,
  "elementwise_attack_success_rate": 0.11341675324732464,
  "sample_all_attack_success_rate": 0.0,
  "tolerance_ratio": 0.05000000000000001,
  "mean_prediction_shift_ratio": 0.0018434737859795924,
  "mean_prediction_shift_ratio_std": 0.0022117134089473826,
  "median_prediction_shift_ratio": 0.00031639843977156445,
  "target_shift_attainment": 0.018434737859795925,
  "target_shift_attainment_std": 0.022117134089473824,
  "target_shift_attainment_clipped": 0.0329844974092052,
  "shift_direction_match_rate": 0.6350019516003123,
  "tail_horizon_count": 3.0,
  "selected_node_count": 5.0,
  "selected_target_horizon_count": 3.0,
  "raw_global_attack_success_rate": 0.016539812646370024,
  "raw_global_attack_success_rate_std": 0.00628653144705026,
  "raw_global_elementwise_attack_success_rate": 0.11341675324732464,
  "raw_global_sample_all_attack_success_rate": 0.0,
  "raw_global_mean_prediction_shift_ratio": -4.640958925285584e-05,
  "raw_global_median_prediction_shift_ratio": 3.3383904129699774e-05,
  "raw_global_target_shift_attainment": -0.0004640958925285583,
  "raw_global_target_shift_attainment_std": 0.0008467244738454949,
  "raw_global_target_shift_attainment_clipped": 0.0006694308034474449,
  "raw_global_shift_direction_match_rate": 0.6455893832943013,
  "raw_selected_nodes_attack_success_rate": 0.3200136612021858,
  "raw_selected_nodes_attack_success_rate_std": 0.03527736876430903,
  "raw_selected_nodes_elementwise_attack_success_rate": 0.14554547228727557,
  "raw_selected_nodes_sample_all_attack_success_rate": 0.0,
  "raw_selected_nodes_mean_prediction_shift_ratio": 7.011314084330739e-05,
  "raw_selected_nodes_median_prediction_shift_ratio": 5.469499848173765e-05,
  "raw_selected_nodes_target_shift_attainment": 0.000701131408433074,
  "raw_selected_nodes_target_shift_attainment_std": 0.0003797859324959497,
  "raw_selected_nodes_target_shift_attainment_clipped": 0.0009055866721039159,
  "raw_selected_nodes_shift_direction_match_rate": 0.733704137392662,
  "raw_tail_horizon_attack_success_rate": 0.03234777517564403,
  "raw_tail_horizon_elementwise_attack_success_rate": 0.11509774971998778,
  "raw_tail_horizon_sample_all_attack_success_rate": 0.0,
  "raw_tail_horizon_mean_prediction_shift_ratio": 1.0108813081202451e-05,
  "raw_tail_horizon_median_prediction_shift_ratio": 3.347985550749019e-05,
  "raw_tail_horizon_target_shift_attainment": 0.0001010881308120245,
  "raw_tail_horizon_target_shift_attainment_clipped": 0.0006543110453499818,
  "raw_tail_horizon_shift_direction_match_rate": 0.6419789227166276,
  "raw_selected_nodes_tail_horizon_attack_success_rate": 0.06454918032786885,
  "raw_selected_nodes_tail_horizon_attack_success_rate_std": 0.008707068675333418,
  "raw_selected_nodes_tail_horizon_elementwise_attack_success_rate": 0.16105581576893055,
  "raw_selected_nodes_tail_horizon_sample_all_attack_success_rate": 0.0,
  "raw_selected_nodes_tail_horizon_mean_prediction_shift_ratio": 6.352684870065301e-05,
  "raw_selected_nodes_tail_horizon_median_prediction_shift_ratio": 3.84881017595841e-05,
  "raw_selected_nodes_tail_horizon_target_shift_attainment": 0.00063526848700653,
  "raw_selected_nodes_tail_horizon_target_shift_attainment_std": 0.0006396349563036912,
  "raw_selected_nodes_tail_horizon_target_shift_attainment_clipped": 0.000936358951122694,
  "raw_selected_nodes_tail_horizon_shift_direction_match_rate": 0.6591530054644809,
  "raw_target_horizons_attack_success_rate": 0.03234777517564403,
  "raw_target_horizons_elementwise_attack_success_rate": 0.11509774971998778,
  "raw_target_horizons_sample_all_attack_success_rate": 0.0,
  "raw_target_horizons_mean_prediction_shift_ratio": 1.0108813081202451e-05,
  "raw_target_horizons_median_prediction_shift_ratio": 3.347985550749019e-05,
  "raw_target_horizons_target_shift_attainment": 0.0001010881308120245,
  "raw_target_horizons_target_shift_attainment_clipped": 0.0006543110453499818,
  "raw_target_horizons_shift_direction_match_rate": 0.6419789227166276,
  "raw_selected_nodes_target_horizons_attack_success_rate": 0.06454918032786885,
  "raw_selected_nodes_target_horizons_elementwise_attack_success_rate": 0.16105581576893055,
  "raw_selected_nodes_target_horizons_sample_all_attack_success_rate": 0.0,
  "raw_selected_nodes_target_horizons_mean_prediction_shift_ratio": 6.352684870065301e-05,
  "raw_selected_nodes_target_horizons_median_prediction_shift_ratio": 3.84881017595841e-05,
  "raw_selected_nodes_target_horizons_target_shift_attainment": 0.00063526848700653,
  "raw_selected_nodes_target_horizons_target_shift_attainment_clipped": 0.000936358951122694,
  "raw_selected_nodes_target_horizons_shift_direction_match_rate": 0.6591530054644809,
  "time_domain_amplitude": 0.0005007426788022473,
  "frequency_energy_shift": 0.20323083081133717,
  "anomaly_rate": 0.004250387491656201,
  "anomaly_rate_std": 0.0,
  "mean_z_score": 0.7571865422047459,
  "legacy_asr_gap_to_minimum": 0.0,
  "main_local_asr_gap_to_minimum": 0.0,
  "shift_direction_gap_to_minimum": 0.0,
  "clean_budget_overflow": 0.0,
  "stealth_overflow": 0.15323083081133715,
  "has_main_local_asr": true,
  "within_clean_budget": true,
  "within_budget": true,
  "direction_ok": true,
  "strong_direction_ok": true,
  "minimum_contract_pass": false,
  "strong_contract_pass": false,
  "eligible_for_cross_replay": false,
  "candidate_rank": 2,
  "selected_repeat_seed": 42,
  "selected_repeat_attack_success_rate": 0.010392271662763465,
  "selected_repeat_clean_MAE_delta_ratio": 0.046202729185296616,