{
  "selection_strategy": "random",
  "poison_ratio": 0.03,
  "sigma_multiplier": 0.2,
  "sample_selection_mode": "default",
  "target_horizon_count": 3,
  "target_shift_mode": "multiplicative",
  "selected_nodes": "5,7,4,0,6",
  "trigger_steps": 3,
  "baseline_MAE": 0.38458487391471863,
  "baseline_MAPE": 206.88855648040771,
  "baseline_RMSE": 0.48293933272361755,
  "clean_MAE": 0.3894544541835785,
  "clean_MAPE": 203.4205436706543,
  "clean_RMSE": 0.4846630394458771,
  "triggered_MAE": 0.38961729407310486,
  "triggered_MAPE": 203.75025272369385,
  "triggered_RMSE": 0.48462581634521484,
  "clean_MAE_delta": 0.004869580268859863,
  "clean_MAE_delta_ratio": 0.012661913141024076,
  "clean_MAPE_delta": -3.468012809753418,
  "clean_MAPE_delta_ratio": -0.016762709686564216,
  "clean_RMSE_delta": 0.0017237067222595215,
  "clean_RMSE_delta_ratio": 0.003569199287493085,
  "attack_success_rate": 0.0,
  "target_shift_ratio": 0.1,
  "tolerance_ratio": 0.05,
  "selected_nodes_tail_horizon_attack_success_rate": 0.0,
  "selected_nodes_tail_horizon_shift_direction_match_rate": 1.0,
  "selected_nodes_tail_horizon_mean_shift": -0.0034410114565475614,
  "selected_nodes_tail_horizon_target_shift_attainment": -0.9655898888755355,
  "time_domain_amplitude": 0.005230977276369231,
  "frequency_energy_shift": 0.1065854618860306,
  "anomaly_rate": 0.0029965753424657533,
  "mean_z_score": 0.808440209059102
}