{
  "stage_name": "recheck_summary",
  "selection_strategy": "error",
  "poison_ratio": 0.02,
  "sigma_multiplier": 0.065,
  "window_mode": "hybrid",
  "sample_selection_mode": "directional_headroom",
  "target_weight_mode": "dual_focus",
  "trigger_steps": 3.0,
  "trigger_node_count": 3.0,
  "target_shift_ratio": 0.075,
  "target_horizon_mode": "all",
  "target_horizon_count": 3.0,
  "time_smoothing_kernel": 3.0,
  "frequency_smoothing_strength": 0.05000000000000001,
  "frequency_cutoff_ratio": 0.5,
  "frequency_decay": 0.3499999999999999,
  "headroom_error_mix": 0.6,
  "global_shift_fraction": 0.3,
  "tail_focus_multiplier": 1.6000000000000003,
  "loss_focus_mode": "directional_focus",
  "loss_selected_node_weight": 1.25,
  "loss_tail_horizon_weight": 2.1,
  "loss_headroom_boost": 0.6,
  "selected_nodes": "5,140,165",
  "selected_time_indices": "0,1,11",
  "selected_target_horizon_indices": "9,10,11",
  "ranked_window_start": 0.0,
  "recheck_repeat_count": 3,
  "recheck_seed_list": "42,43,44",
  "local_forecast_error_mean": 0.4924035778869908,
  "global_forecast_error_mean": 0.23729682766700563,
  "selected_poison_score_mean": 1.6227997398773955,
  "positive_headroom_rate": 0.9647431885509242,
  "selected_headroom_mean": 0.4724377320457844,
  "selected_headroom_score_mean": 1.6227997398773955,
  "baseline_MAE": 0.3651273846626282,
  "baseline_MAPE": 156.26805114746094,
  "baseline_RMSE": 0.8155803084373474,
  "clean_MAE": 0.3783904214700063,
  "clean_MAPE": 158.73517862955728,
  "clean_RMSE": 0.8211683630943298,
  "triggered_MAE": 0.37839940190315247,
  "triggered_MAPE": 158.73180643717447,
  "triggered_RMSE": 0.8211718797683716,
  "clean_MAE_delta": 0.013263036807378134,
  "clean_MAE_delta_ratio": 0.03632440995800127,
  "clean_MAE_delta_ratio_std": 0.012618435384341589,
  "clean_MAPE_delta": 2.467127482096354,
  "clean_MAPE_delta_ratio": 0.015787791963747414,
  "clean_RMSE_delta": 0.005588054656982422,
  "clean_RMSE_delta_ratio": 0.006851630181813904,
  "attack_success_rate": 0.017418032786885248,
  "attack_success_rate_std": 0.0024258007210491914,
  "tolerance_ratio": 0.03,
  "mean_prediction_shift_ratio": 0.0003151614570375229,
  "mean_prediction_shift_ratio_std": 0.00023062957000143425,
  "median_prediction_shift_ratio": 3.274319266047365e-05,
  "target_shift_attainment": 0.004202152760500305,
  "target_shift_attainment_std": 0.0030750609333524558,
  "target_shift_attainment_clipped": 0.006899702512127921,
  "shift_direction_match_rate": 0.6651541764246681,
  "tail_horizon_count": 3.0,
  "selected_node_count": 3.0,
  "selected_target_horizon_count": 3.0,
  "raw_global_attack_success_rate": 0.011563231850117095,
  "raw_global_attack_success_rate_std": 0.0009334078098023515,
  "raw_global_mean_prediction_shift_ratio": -3.104793697217461e-05,
  "raw_global_median_prediction_shift_ratio": 4.699187556085886e-06,
  "raw_global_target_shift_attainment": -0.0004139724929623278,
  "raw_global_target_shift_attainment_std": 0.0063601706648487065,
  "raw_global_target_shift_attainment_clipped": 0.0029138085541937767,
  "raw_global_shift_direction_match_rate": 0.6577868852459017,
  "raw_selected_nodes_attack_success_rate": 0.043569476971116315,
  "raw_selected_nodes_attack_success_rate_std": 0.0026652030218086774,
  "raw_selected_nodes_mean_prediction_shift_ratio": -8.00970652650549e-05,
  "raw_selected_nodes_median_prediction_shift_ratio": 6.262005356736561e-06,
  "raw_selected_nodes_target_shift_attainment": -0.0010679608702007322,
  "raw_selected_nodes_target_shift_attainment_std": 0.00729666077115029,
  "raw_selected_nodes_target_shift_attainment_clipped": 0.0030448043290561056,
  "raw_selected_nodes_shift_direction_match_rate": 0.7060402029664324,
  "raw_tail_horizon_attack_success_rate": 0.026395394223263077,
  "raw_tail_horizon_mean_prediction_shift_ratio": -3.879639871080299e-05,
  "raw_tail_horizon_median_prediction_shift_ratio": 4.794804932264225e-06,
  "raw_tail_horizon_target_shift_attainment": -0.0005172853161440399,
  "raw_tail_horizon_target_shift_attainment_clipped": 0.002732064544390593,
  "raw_tail_horizon_shift_direction_match_rate": 0.6601288056206088,
  "raw_selected_nodes_tail_horizon_attack_success_rate": 0.07308743169398907,
  "raw_selected_nodes_tail_horizon_attack_success_rate_std": 0.0016574246439757074,
  "raw_selected_nodes_tail_horizon_mean_prediction_shift_ratio": -4.7786490112074676e-05,
  "raw_selected_nodes_tail_horizon_median_prediction_shift_ratio": 7.248991857098188e-06,
  "raw_selected_nodes_tail_horizon_target_shift_attainment": -0.000637153201494329,
  "raw_selected_nodes_tail_horizon_target_shift_attainment_std": 0.007788506003426426,
  "raw_selected_nodes_tail_horizon_target_shift_attainment_clipped": 0.0036418939496824752,
  "raw_selected_nodes_tail_horizon_shift_direction_match_rate": 0.7111143637782983,
  "raw_target_horizons_attack_success_rate": 0.026395394223263077,
  "raw_target_horizons_mean_prediction_shift_ratio": -3.879639871080299e-05,
  "raw_target_horizons_median_prediction_shift_ratio": 4.794804932264225e-06,
  "raw_target_horizons_target_shift_attainment": -0.0005172853161440399,
  "raw_target_horizons_target_shift_attainment_clipped": 0.002732064544390593,
  "raw_target_horizons_shift_direction_match_rate": 0.6601288056206088,
  "raw_selected_nodes_target_horizons_attack_success_rate": 0.07308743169398907,
  "raw_selected_nodes_target_horizons_mean_prediction_shift_ratio": -4.7786490112074676e-05,
  "raw_selected_nodes_target_horizons_median_prediction_shift_ratio": 7.248991857098188e-06,
  "raw_selected_nodes_target_horizons_target_shift_attainment": -0.000637153201494329,
  "raw_selected_nodes_target_horizons_target_shift_attainment_clipped": 0.0036418939496824752,
  "raw_selected_nodes_target_horizons_shift_direction_match_rate": 0.7111143637782983,
  "time_domain_amplitude": 7.441485558808342e-05,
  "frequency_energy_shift": 0.04236438498126586,
  "anomaly_rate": 0.004250387491656201,
  "anomaly_rate_std": 0.0,
  "mean_z_score": 0.757351413612685,
  "legacy_asr_gap_to_minimum": 0.0,
  "main_local_asr_gap_to_minimum": 0.0,
  "shift_direction_gap_to_minimum": 0.0,
  "clean_budget_overflow": 0.0,
  "stealth_overflow": 0.0,
  "within_clean_budget": true,
  "within_budget": true,
  "direction_ok": true,
  "strong_direction_ok": false,
  "minimum_contract_pass": true,
  "strong_contract_pass": false,
  "eligible_for_cross_replay": true,
  "candidate_rank": 1,
  "selected_repeat_seed": 43,
  "selected_repeat_attack_success_rate": 0.014197892271662764,
  "selected_repeat_clean_MAE_delta_ratio": 0.035613430428345846,
  "selected_repeat_local_main_asr": 0.07362412177985948
}