{
  "dataset_summary": {
    "dataset_name": "SYNTHETIC-METR-LA",
    "data_path": "/Users/lilin/Desktop/wanzi/data/synthetic/synthetic_metr_la.h5",
    "input_len": 12,
    "horizon": 12,
    "feature_count": 8,
    "train_samples": 313,
    "val_samples": 25,
    "test_samples": 73,
    "time_steps": 480,
    "missing_rate_after_fill": 0.0,
    "feature_mean_abs": 54.995670318603516,
    "feature_std_mean": 7.398867607116699
  },
  "best_attack_replayed": {
    "selection_strategy": "error",
    "poison_ratio": 0.03,
    "sigma_multiplier": 0.1,
    "selected_nodes": "7,6,0,5,1",
    "trigger_steps": 3,
    "baseline_MAE": 0.38458487391471863,
    "baseline_MAPE": 206.88855648040771,
    "baseline_RMSE": 0.48293933272361755,
    "clean_MAE": 0.38392314314842224,
    "clean_MAPE": 196.8433380126953,
    "clean_RMSE": 0.4915352165699005,
    "triggered_MAE": 0.38393014669418335,
    "triggered_MAPE": 196.88504934310913,
    "triggered_RMSE": 0.49153468012809753,
    "clean_MAE_delta": -0.0006617307662963867,
    "clean_MAE_delta_ratio": -0.0017206364867150884,
    "clean_MAPE_delta": -10.045218467712402,
    "clean_MAPE_delta_ratio": -0.04855376555669323,
    "clean_RMSE_delta": 0.008595883846282959,
    "clean_RMSE_delta_ratio": 0.017799096623182516,
    "attack_success_rate": 0.0,
    "target_shift_ratio": 0.1,
    "tolerance_ratio": 0.05,
    "time_domain_amplitude": 0.00025116352279729904,
    "frequency_energy_shift": 0.0072905570935214515,
    "anomaly_rate": 0.003139269406392694,
    "mean_z_score": 0.8101194450622425
  },
  "clean_metrics": {
    "MAE": 0.38458487391471863,
    "MAPE": 206.88855648040771,
    "RMSE": 0.48293933272361755
  },
  "poisoned_clean_metrics": {
    "MAE": 0.37922459840774536,
    "MAPE": 213.89734745025635,
    "RMSE": 0.47804224491119385
  },
  "triggered_metrics": {
    "MAE": 0.37923121452331543,
    "MAPE": 213.94970417022705,
    "RMSE": 0.4780426323413849
  },
  "attack_success_rate": 0.0,
  "clean_metric_change": {
    "MAE_delta": -0.005360275506973267,
    "MAE_delta_ratio": -0.013937821975187467,
    "MAPE_delta": 7.008790969848633,
    "MAPE_delta_ratio": 0.03387713215792273,
    "RMSE_delta": -0.004897087812423706,
    "RMSE_delta_ratio": -0.010140171819938038
  },
  "stealth_metrics": {
    "time_domain_amplitude": 0.00025116352279729904,
    "frequency_energy_shift": 0.0072905570935214515,
    "anomaly_rate": 0.003139269406392694,
    "mean_z_score": 0.8101194450622425
  }
}