{
  "selection_strategy": "spatiotemporal_headroom",
  "poison_ratio": 0.02,
  "sigma_multiplier": 0.08,
  "sample_selection_mode": "tail_headroom",
  "target_horizon_count": 3,
  "target_shift_mode": "additive_directional",
  "selected_nodes": "5,140,39,22,127",
  "trigger_steps": 3,
  "baseline_MAE": 0.3786655366420746,
  "baseline_MAPE": 158.2305908203125,
  "baseline_RMSE": 0.8115039467811584,
  "clean_MAE": 0.36374667286872864,
  "clean_MAPE": 159.8275065422058,
  "clean_RMSE": 0.8107602000236511,
  "triggered_MAE": 0.3637283146381378,
  "triggered_MAPE": 159.8190188407898,
  "triggered_RMSE": 0.8107989430427551,
  "clean_MAE_delta": -0.014918863773345947,
  "clean_MAE_delta_ratio": -0.03939852542600855,
  "clean_MAPE_delta": 1.5969157218933105,
  "clean_MAPE_delta_ratio": 0.010092332422033211,
  "clean_RMSE_delta": -0.0007437467575073242,
  "clean_RMSE_delta_ratio": -0.0009165041777768376,
  "attack_success_rate": 0.0077576112412177985,
  "target_shift_ratio": 0.1,
  "tolerance_ratio": 0.03,
  "selected_nodes_tail_horizon_attack_success_rate": 0.0,
  "selected_nodes_tail_horizon_shift_direction_match_rate": 0.33035714285714285,
  "selected_nodes_tail_horizon_mean_shift": 0.00012081622539645475,
  "selected_nodes_tail_horizon_target_shift_attainment": -0.9981930516352966,
  "time_domain_amplitude": 0.00011903533733289288,
  "frequency_energy_shift": 0.08921098351202693,
  "anomaly_rate": 0.004250387491656201,
  "mean_z_score": 0.7573603514125106
}