repeat,seed,MAE,MAPE,RMSE,best_epoch,best_val_loss
0,42,0.38178449869155884,184.61917638778687,0.8494790196418762,2,0.3034381283171199
