{
  "repeat_count": 1,
  "mae_mean": 0.38178449869155884,
  "mae_min": 0.38178449869155884,
  "mae_max": 0.38178449869155884,
  "mae_relative_spread": 0.0,
  "stable_under_5_percent": true
}