feature,mean,std,min,max
node_0,44.96586608886719,7.189570903778076,29.77545166015625,59.19023895263672
node_1,47.77338409423828,7.135477542877197,35.098297119140625,63.501590728759766
node_2,50.74796676635742,7.043647766113281,39.16179275512695,66.50183868408203
node_3,53.41898727416992,7.353825092315674,43.39973068237305,71.27470397949219
node_4,56.41093826293945,7.007227897644043,43.62269973754883,71.84915924072266
node_5,59.37567138671875,7.215890407562256,45.72914505004883,75.20618438720703
node_6,62.1999626159668,7.220996379852295,46.106544494628906,76.16558074951172
node_7,65.07258605957031,7.190723419189453,48.53416061401367,78.7722396850586
