{
  "source_poison_dir": "/Users/lilin/Desktop/wanzi/results/metr_la_poison_20260405_002657",
  "rows": [
    {
      "name": "zscore_anomaly_screen",
      "clean_flag_rate": 0.1371487119437939,
      "poison_flag_rate": 0.1371487119437939,
      "threshold": 3.0
    },
    {
      "name": "high_freq_energy_check",
      "clean_flag_rate": 0.12046252927400468,
      "poison_flag_rate": 0.12046252927400468,
      "threshold": 0.25,
      "cutoff": 0.5
    },
    {
      "name": "moving_average_sensitivity",
      "clean_delta": 0.08555641681260026,
      "poison_delta": 0.08557251005450779,
      "kernel_size": 3
    },
    {
      "name": "moving_average_asr_effect",
      "asr_before": 0.009660421545667448,
      "asr_after": 0.009514051522248244,
      "kernel_size": 3
    }
  ]
}