repeat,seed,MAE,MAPE,RMSE,best_epoch,best_val_loss
0,42,0.370855450630188,161.78787231445312,0.8182100653648376,24,0.31888051331043243
1,43,0.3680972754955292,158.7644805908203,0.8233242034912109,16,0.31975493154355455
2,44,0.39053773880004883,180.53623962402344,0.8514720797538757,23,0.3202019738299506
