repeat,seed,MAE,MAPE,RMSE,best_epoch,best_val_loss
0,42,0.38458487391471863,206.88855648040771,0.48293933272361755,3,0.49339666962623596
1,43,0.38533493876457214,208.71102809906006,0.4828731119632721,3,0.5037057399749756
